id,first_name,last_name,email,gender,ip_address
1,Linnet,Basnett,lbasnett0@shinystat.com,Female,206.82.254.105
2,Elsi,Johnston,ejohnston1@nasa.gov,Female,84.20.246.36
3,Sheba,McIlhagga,smcilhagga2@parallels.com,Female,1.180.157.62
4,Kincaid,Lorenzo,klorenzo3@ning.com,Male,68.82.83.71
5,Farris,Skyrm,fskyrm4@discovery.com,Male,56.115.159.185
6,Kathy,Tonnesen,ktonnesen5@ning.com,Female,120.97.90.93
7,Pen,Julien,pjulien6@loc.gov,Female,120.182.104.199
8,Stormy,Dunn,sdunn7@linkedin.com,Female,9.153.150.103
9,Ruthie,Grelik,rgrelik8@canalblog.com,Female,59.87.176.17
10,Silvanus,Hastler,shastler9@wisc.edu,Male,146.83.64.108
11,Fabio,Thomas,fthomasa@skype.com,Male,172.170.84.168
12,Vidovik,Summers,vsummersb@mediafire.com,Genderqueer,209.199.104.24
13,Mathe,Clowes,mclowesc@springer.com,Male,226.35.25.240
14,Glyn,Ingarfill,gingarfilld@sakura.ne.jp,Female,54.12.129.39
15,Antoine,Pautard,apautarde@blinklist.com,Male,206.242.154.17
16,Cornie,Osinin,cosininf@hugedomains.com,Male,249.241.146.57
17,Tuck,Allwell,tallwellg@state.tx.us,Male,71.20.250.156
18,Debi,Shirer,dshirerh@nih.gov,Female,193.191.39.13
19,Addy,Baldack,abaldacki@vinaora.com,Female,135.60.156.186
20,Emmalynne,De Robertis,ederobertisj@weather.com,Female,126.183.51.118
21,Griz,Fahey,gfaheyk@seesaa.net,Male,35.207.104.152
22,Maynord,Glabach,mglabachl@google.cn,Male,235.170.238.219
23,Holden,Old,holdm@elegantthemes.com,Genderfluid,149.196.235.139
24,Osbourn,Croy,ocroyn@digg.com,Male,16.173.186.102
25,Sumner,Bartlomiej,sbartlomiejo@dagondesign.com,Male,106.100.157.62
26,Rob,Daltry,rdaltryp@arizona.edu,Male,231.198.201.125
27,Trixi,Collingham,tcollinghamq@1und1.de,Female,55.206.163.63
28,Hermina,Sallans,hsallansr@usgs.gov,Female,121.39.173.246
29,Odette,Chadbourn,ochadbourns@yandex.ru,Female,232.103.184.167
30,Edi,Bainbridge,ebainbridget@booking.com,Female,23.246.25.136
31,Ewan,Perrigo,eperrigou@slate.com,Male,84.228.184.186
32,Carola,Tomblings,ctomblingsv@earthlink.net,Female,56.179.60.89
33,Lib,Dyett,ldyettw@purevolume.com,Female,29.214.181.142
34,Bran,Down,bdownx@github.com,Male,89.247.171.8
35,Ken,Gwatkins,kgwatkinsy@cmu.edu,Agender,147.41.217.237
36,Ailee,Pizzey,apizzeyz@hibu.com,Female,15.27.43.230
37,Othelia,Kiehne,okiehne10@economist.com,Bigender,223.225.185.189
38,Tobie,Griffey,tgriffey11@ed.gov,Male,74.127.125.202
39,Zola,Sheed,zsheed12@yolasite.com,Female,228.63.208.81
40,Fawn,Bedingfield,fbedingfield13@domainmarket.com,Female,226.136.105.250
41,Irwinn,Franceschelli,ifranceschelli14@tumblr.com,Male,195.216.181.158
42,Marcelline,Brito,mbrito15@harvard.edu,Female,200.188.195.74
43,Kessiah,Casa,kcasa16@youtube.com,Female,59.103.161.214
44,Slade,Bierling,sbierling17@sakura.ne.jp,Male,216.49.182.45
45,Julieta,Weerdenburg,jweerdenburg18@loc.gov,Female,73.241.51.235
46,Phelia,Salazar,psalazar19@t.co,Bigender,17.148.112.237
47,Salem,Seywood,sseywood1a@mit.edu,Male,81.45.8.138
48,Edgardo,Death,edeath1b@tiny.cc,Male,56.23.92.245
49,Vittorio,Daubeny,vdaubeny1c@ezinearticles.com,Male,158.151.195.227
50,Kimmi,Stranger,kstranger1d@taobao.com,Female,111.236.41.49
51,Vernor,Garrow,vgarrow1e@google.com,Male,170.51.183.119
52,Blanca,Iskow,biskow1f@scientificamerican.com,Female,244.216.207.40
53,Fonzie,Dearman,fdearman1g@sphinn.com,Male,160.32.93.156
54,Elyse,Dukesbury,edukesbury1h@sogou.com,Female,30.10.117.234
55,Ryley,Volker,rvolker1i@google.nl,Male,7.200.165.93
56,Godfrey,Hillitt,ghillitt1j@senate.gov,Male,10.163.252.96
57,Bone,L' Estrange,blestrange1k@dell.com,Male,233.53.18.18
58,Fayina,Thornally,fthornally1l@cornell.edu,Female,75.19.187.87
59,Ritchie,Fromant,rfromant1m@instagram.com,Genderfluid,42.34.103.206
60,Valma,Brafield,vbrafield1n@over-blog.com,Non-binary,138.155.65.75
61,Erinn,Cuell,ecuell1o@is.gd,Female,43.16.186.246
62,Morganica,Ludlom,mludlom1p@google.de,Non-binary,111.62.188.237
63,Camellia,Christiensen,cchristiensen1q@unc.edu,Female,174.43.25.145
64,Leola,Bartomeu,lbartomeu1r@acquirethisname.com,Female,80.159.27.135
65,Randolph,Huggins,rhuggins1s@yellowbook.com,Male,19.6.121.224
66,Gardie,Bavidge,gbavidge1t@ask.com,Male,171.255.235.234
67,Grove,Duckit,gduckit1u@bizjournals.com,Male,82.112.30.120
68,Elwira,Klemmt,eklemmt1v@scribd.com,Female,30.0.189.218
69,Mufinella,Slark,mslark1w@europa.eu,Female,113.94.30.148
70,Elisabetta,Lettson,elettson1x@ucoz.ru,Female,28.195.221.161
71,Ingamar,Griggs,igriggs1y@nsw.gov.au,Male,142.16.254.48
72,Shela,Thireau,sthireau1z@mediafire.com,Female,96.197.179.22
73,Mariel,Tomovic,mtomovic20@jugem.jp,Female,101.136.98.103
74,Alma,Wortley,awortley21@phpbb.com,Female,15.209.166.118
75,Charlton,Weedall,cweedall22@salon.com,Male,254.205.117.140
76,Darcie,Gheeraert,dgheeraert23@delicious.com,Genderqueer,94.79.94.197
77,Phip,Sheerman,psheerman24@slideshare.net,Male,46.77.37.121
78,Deloris,Ridde,dridde25@canalblog.com,Female,210.217.239.239
79,Barbara,Marzello,bmarzello26@icio.us,Female,210.255.232.67
80,Isadore,Gruby,igruby27@wsj.com,Male,141.253.158.70
81,Athena,Ayres,aayres28@usatoday.com,Female,26.162.75.94
82,Say,Bradly,sbradly29@cargocollective.com,Male,53.119.99.9
83,Aurora,Peck,apeck2a@infoseek.co.jp,Female,180.92.88.241
84,Daryn,Rizzardini,drizzardini2b@bizjournals.com,Female,79.59.42.52
85,Roderick,Cunnane,rcunnane2c@phoca.cz,Male,157.89.47.176
86,Nerissa,Hugnet,nhugnet2d@jalbum.net,Polygender,146.104.140.205
87,Baron,Marsden,bmarsden2e@wix.com,Male,142.25.211.187
88,Yard,Searsby,ysearsby2f@newsvine.com,Male,131.24.131.127
89,Marie-ann,Stening,mstening2g@oracle.com,Female,130.106.250.251
90,Omar,Malbon,omalbon2h@harvard.edu,Male,248.163.20.224
91,Padgett,Eddisford,peddisford2i@google.co.jp,Male,93.192.8.94
92,Muire,Kennerknecht,mkennerknecht2j@pbs.org,Female,87.162.3.196
93,Vita,Visco,vvisco2k@cpanel.net,Female,29.194.4.44
94,Adams,Akred,aakred2l@fema.gov,Male,100.176.189.172
95,Menard,Atwel,matwel2m@mayoclinic.com,Male,60.154.114.250
96,Gerick,Iorizzi,giorizzi2n@squidoo.com,Male,144.152.218.40
97,Miltie,Jarvis,mjarvis2o@shinystat.com,Male,76.22.151.74
98,Luise,Martinho,lmartinho2p@java.com,Female,123.236.121.105
99,Kassey,Bonnaire,kbonnaire2q@cornell.edu,Female,222.32.245.192
100,Loydie,Bradder,lbradder2r@ehow.com,Male,109.42.151.35
101,Antonio,Wooton,awooton2s@vistaprint.com,Male,159.121.176.26
102,Cleopatra,Goodere,cgoodere2t@jiathis.com,Female,181.9.67.94
103,Horace,Grimoldby,hgrimoldby2u@huffingtonpost.com,Male,96.195.90.248
104,Pembroke,Rushton,prushton2v@time.com,Male,182.122.235.208
105,Blinnie,Jinks,bjinks2w@squidoo.com,Female,247.188.195.13
106,Katleen,Spendlove,kspendlove2x@multiply.com,Female,156.234.248.143
107,Bondie,Rumsby,brumsby2y@howstuffworks.com,Male,160.21.199.122
108,Anderea,Rewcassell,arewcassell2z@ocn.ne.jp,Female,78.99.34.48
109,Todd,Sterland,tsterland30@slideshare.net,Male,225.123.245.82
110,Giacomo,Adacot,gadacot31@lulu.com,Male,168.239.9.21
111,Fallon,Swindles,fswindles32@harvard.edu,Polygender,1.180.191.18
112,Wake,Hoffman,whoffman33@zdnet.com,Male,239.47.187.42
113,Andras,Fortnon,afortnon34@psu.edu,Male,157.77.104.116
114,Bartholomew,Kerslake,bkerslake35@go.com,Male,191.87.73.250
115,Abran,Demangeon,ademangeon36@gizmodo.com,Male,252.94.64.95
116,Orson,Plumstead,oplumstead37@mozilla.org,Genderqueer,25.44.114.144
117,Boy,Vaughton,bvaughton38@ed.gov,Male,108.87.14.201
118,Kalindi,Cabrer,kcabrer39@live.com,Female,236.109.21.215
119,Gertruda,Chenery,gchenery3a@hp.com,Female,239.242.4.46
120,Doyle,Huish,dhuish3b@wsj.com,Male,220.195.220.250
121,Mylo,Astle,mastle3c@wordpress.com,Male,113.107.122.191
122,Harrietta,Knappe,hknappe3d@wsj.com,Female,41.242.94.45
123,Emmaline,Matchitt,ematchitt3e@reddit.com,Female,5.70.111.7
124,Tabb,Overlow,toverlow3f@imgur.com,Male,146.34.254.37
125,Aguistin,Fulford,afulford3g@elpais.com,Male,221.228.147.104
126,Teodorico,Scanes,tscanes3h@wsj.com,Male,6.19.82.184
127,Lynett,Brobak,lbrobak3i@howstuffworks.com,Female,244.73.72.227
128,Domingo,Simioli,dsimioli3j@printfriendly.com,Male,99.194.116.70
129,Arabella,Fullager,afullager3k@state.gov,Female,138.152.134.113
130,Dani,Bemrose,dbemrose3l@microsoft.com,Agender,148.170.57.53
131,Nicolina,Pepperrall,npepperrall3m@omniture.com,Female,30.102.33.97
132,Ajay,Velden,avelden3n@answers.com,Female,172.210.191.4
133,Rodi,Allerton,rallerton3o@tripod.com,Female,211.184.84.161
134,Evelin,Spaxman,espaxman3p@telegraph.co.uk,Male,45.75.227.48
135,Valida,Bartzen,vbartzen3q@skyrock.com,Female,242.103.100.218
136,Tomasina,Burwell,tburwell3r@yale.edu,Female,253.176.172.113
137,Zonnya,Wasteney,zwasteney3s@vimeo.com,Female,212.132.32.154
138,Morley,Mewe,mmewe3t@i2i.jp,Male,219.240.3.212
139,Marja,Conisbee,mconisbee3u@pagesperso-orange.fr,Female,172.127.163.129
140,Casandra,Alsina,calsina3v@topsy.com,Female,103.66.45.67
141,Ferdinand,Collinge,fcollinge3w@nifty.com,Genderfluid,135.82.45.96
142,Domenic,Eberz,deberz3x@google.ca,Male,64.38.187.161
143,Aarika,Salt,asalt3y@unblog.fr,Female,38.49.132.1
144,Janina,Bagley,jbagley3z@toplist.cz,Genderqueer,108.96.235.241
145,Ogden,Yurasov,oyurasov40@shareasale.com,Male,60.210.10.158
146,Roseanna,Mangeon,rmangeon41@mac.com,Genderqueer,170.152.116.191
147,Maddy,Wythill,mwythill42@parallels.com,Female,12.124.65.78
148,Davita,Bimrose,dbimrose43@reverbnation.com,Female,129.229.34.143
149,Cairistiona,Paule,cpaule44@java.com,Female,48.125.231.57
150,Birdie,Cullinan,bcullinan45@wisc.edu,Female,219.97.132.124
151,Alfy,Bodman,abodman46@pagesperso-orange.fr,Male,63.53.96.90
152,Verge,Fenty,vfenty47@fastcompany.com,Male,20.60.59.248
153,Roley,Splevin,rsplevin48@prweb.com,Male,72.214.85.150
154,Rab,Issacson,rissacson49@accuweather.com,Genderfluid,19.39.242.20
155,Kevan,Gorringe,kgorringe4a@ucoz.com,Male,233.144.251.144
156,Kleon,Schutt,kschutt4b@xing.com,Male,59.219.10.218
157,Karlens,Prisley,kprisley4c@domainmarket.com,Male,72.123.25.36
158,Ferdinande,Huffa,fhuffa4d@fda.gov,Female,97.183.71.40
159,Ennis,Harses,eharses4e@yahoo.co.jp,Male,192.245.42.116
160,Warden,Burge,wburge4f@tripod.com,Male,59.42.222.147
161,Darcy,Hintzer,dhintzer4g@com.com,Female,186.75.34.85
162,Rooney,McNay,rmcnay4h@wp.com,Male,174.185.171.248
163,Bjorn,Brecken,bbrecken4i@google.fr,Male,33.72.111.198
164,Cullan,Comusso,ccomusso4j@livejournal.com,Male,101.80.144.74
165,Catlaina,Grigoriev,cgrigoriev4k@istockphoto.com,Female,192.207.170.199
166,Maegan,McCallister,mmccallister4l@gnu.org,Female,69.143.4.50
167,Ginnie,Honnan,ghonnan4m@weibo.com,Agender,180.217.42.56
168,Conney,Sifflett,csifflett4n@macromedia.com,Male,231.5.104.7
169,Alix,Doles,adoles4o@alibaba.com,Female,94.217.109.53
170,Lavina,Konerding,lkonerding4p@buzzfeed.com,Female,188.16.243.56
171,Georgy,Jeynes,gjeynes4q@icq.com,Male,88.55.166.73
172,Drew,Charter,dcharter4r@dedecms.com,Male,83.9.93.97
173,Daisi,Hallgarth,dhallgarth4s@goo.gl,Female,35.150.170.47
174,Derron,Yushmanov,dyushmanov4t@cnet.com,Male,4.151.140.204
175,Florri,Dumini,fdumini4u@disqus.com,Female,224.152.147.153
176,Amelia,Monks,amonks4v@t.co,Female,8.105.162.91
177,Shell,Cargill,scargill4w@addtoany.com,Agender,157.97.53.141
178,Pavla,Marflitt,pmarflitt4x@census.gov,Female,57.252.204.132
179,Gwenni,Dumingos,gdumingos4y@globo.com,Female,108.192.113.158
180,Norina,Twinborough,ntwinborough4z@blogspot.com,Female,230.243.54.52
181,Darby,Chestnut,dchestnut50@nationalgeographic.com,Female,252.226.150.196
182,Konstanze,Palatini,kpalatini51@youtube.com,Female,175.44.98.30
183,Gauthier,Garrett,ggarrett52@statcounter.com,Male,114.251.214.57
184,Joeann,Mattea,jmattea53@drupal.org,Female,222.136.174.92
185,Letizia,Lovell,llovell54@so-net.ne.jp,Female,137.236.16.65
186,Tabina,Belli,tbelli55@disqus.com,Female,193.82.193.29
187,Rowland,Di Angelo,rdiangelo56@rediff.com,Male,43.178.36.176
188,Karlotta,Strangeways,kstrangeways57@forbes.com,Female,156.118.153.211
189,Francklyn,Gonnin,fgonnin58@spiegel.de,Male,171.92.11.40
190,Valle,Kordas,vkordas59@amazon.co.jp,Male,70.143.157.202
191,Dominik,Parcell,dparcell5a@fda.gov,Male,166.150.252.57
192,Valle,Brisco,vbrisco5b@canalblog.com,Male,32.52.93.198
193,Patrick,Biswell,pbiswell5c@usnews.com,Male,5.227.237.175
194,Carlie,Tooke,ctooke5d@deviantart.com,Male,3.124.253.55
195,Mario,Ledgister,mledgister5e@51.la,Male,148.35.247.164
196,Albertina,Ungerechts,aungerechts5f@wix.com,Female,136.198.212.132
197,Leeann,Nuth,lnuth5g@privacy.gov.au,Female,224.1.128.167
198,Pierce,Shellshear,pshellshear5h@meetup.com,Male,97.249.92.125
199,Cherilynn,Catchpole,ccatchpole5i@oakley.com,Female,161.249.108.149
200,Francene,Burdytt,fburdytt5j@last.fm,Female,204.210.155.12
201,Rasia,Ream,rream5k@nih.gov,Female,134.19.249.160
202,Darell,Camfield,dcamfield5l@ebay.com,Female,88.223.175.167
203,Bertram,Boydon,bboydon5m@prweb.com,Male,151.4.193.234
204,Filippo,Vane,fvane5n@addthis.com,Male,189.8.114.102
205,Janey,Bibb,jbibb5o@wikipedia.org,Female,226.53.54.206
206,Maude,Mottley,mmottley5p@google.com.au,Female,144.48.244.215
207,Guenna,Thom,gthom5q@artisteer.com,Female,58.74.148.42
208,Malinda,Braisher,mbraisher5r@bravesites.com,Agender,123.141.197.254
209,Lizzy,Franchi,lfranchi5s@plala.or.jp,Female,116.222.153.10
210,Ruperto,Drakeley,rdrakeley5t@archive.org,Male,147.34.40.155
211,Fawnia,Kynforth,fkynforth5u@admin.ch,Female,142.66.177.115
212,Matilda,Tuley,mtuley5v@cdbaby.com,Female,179.136.115.78
213,Noemi,Gervaise,ngervaise5w@ucsd.edu,Female,243.220.146.39
214,Rosy,Arton,rarton5x@bizjournals.com,Female,247.173.132.100
215,Raynard,Sammonds,rsammonds5y@nhs.uk,Male,173.53.139.90
216,Marigold,Pattullo,mpattullo5z@bbc.co.uk,Female,205.75.130.111
217,Leila,Priddle,lpriddle60@auda.org.au,Female,67.102.191.33
218,Elane,Alwell,ealwell61@gmpg.org,Female,142.186.249.124
219,Lotte,McQuirter,lmcquirter62@hp.com,Female,254.152.80.239
220,Lea,Alyonov,lalyonov63@live.com,Female,94.77.164.217
221,Germain,Gratland,ggratland64@feedburner.com,Male,170.165.169.201
222,Reagan,Guite,rguite65@prnewswire.com,Male,7.142.74.212
223,Marwin,Clarycott,mclarycott66@gmpg.org,Male,81.178.169.170
224,Geralda,Top,gtop67@myspace.com,Female,166.26.70.17
225,Chelsae,Tillard,ctillard68@discuz.net,Female,40.255.14.46
226,Marta,Soot,msoot69@wordpress.org,Female,150.198.55.11
227,Rog,Kleen,rkleen6a@springer.com,Male,34.146.60.3
228,Venita,Devaney,vdevaney6b@twitpic.com,Female,232.51.188.130
229,Shawn,Woolacott,swoolacott6c@sohu.com,Female,141.196.93.135
230,Clint,Freak,cfreak6d@wired.com,Male,230.251.137.241
231,Christy,Gadault,cgadault6e@nba.com,Non-binary,183.41.220.65
232,Arley,Stoade,astoade6f@microsoft.com,Agender,116.84.224.101
233,Happy,Asple,hasple6g@elegantthemes.com,Female,118.147.192.48
234,Catlaina,Avrahamov,cavrahamov6h@google.ru,Female,37.25.116.206
235,Coleen,Toulch,ctoulch6i@google.nl,Female,85.156.229.181
236,Felic,Pinches,fpinches6j@nationalgeographic.com,Male,64.19.129.67
237,Garry,Crone,gcrone6k@newsvine.com,Male,190.128.141.164
238,Gordon,Ullock,gullock6l@deliciousdays.com,Male,88.252.84.238
239,Newton,Livezley,nlivezley6m@nasa.gov,Male,247.22.27.109
240,Job,Crehan,jcrehan6n@vinaora.com,Male,255.84.93.59
241,Claude,Whorton,cwhorton6o@stanford.edu,Female,119.211.42.1
242,Chickie,Argont,cargont6p@google.fr,Male,11.113.166.1
243,Olly,Yong,oyong6q@wunderground.com,Male,251.148.114.169
244,Worth,Lloyds,wlloyds6r@wisc.edu,Agender,133.86.161.0
245,Pamella,Caldeiro,pcaldeiro6s@newyorker.com,Genderfluid,2.68.195.200
246,Electra,Milesop,emilesop6t@ow.ly,Female,100.71.157.143
247,Eve,Carnegie,ecarnegie6u@mlb.com,Female,151.92.6.156
248,Riley,Burchell,rburchell6v@plala.or.jp,Male,239.162.227.145
249,Xymenes,McLeman,xmcleman6w@theguardian.com,Male,207.253.188.128
250,Alastair,Francis,afrancis6x@nsw.gov.au,Male,112.103.112.45
251,Gladys,Lawford,glawford6y@dot.gov,Female,183.181.193.196
252,Lorelle,Aberkirdo,laberkirdo6z@reddit.com,Female,106.228.35.12
253,Francklin,Alred,falred70@zimbio.com,Male,187.84.209.49
254,Ferdy,Chree,fchree71@cnet.com,Male,98.161.210.6
255,Marthena,Fitzer,mfitzer72@army.mil,Female,154.141.200.181
256,Eduardo,De Pero,edepero73@g.co,Male,41.66.172.70
257,Buddy,Agney,bagney74@va.gov,Male,203.247.231.223
258,Karolina,Mawditt,kmawditt75@feedburner.com,Non-binary,202.88.70.25
259,Hanan,Babe,hbabe76@timesonline.co.uk,Male,147.92.80.137
260,Bobby,Pashen,bpashen77@yahoo.co.jp,Male,73.34.62.176
261,Eldin,Weston,eweston78@yandex.ru,Male,142.113.199.51
262,Jerrine,Seebert,jseebert79@deliciousdays.com,Female,108.254.46.214
263,Albertine,Scanderet,ascanderet7a@newyorker.com,Female,214.63.237.204
264,Glynnis,Wilce,gwilce7b@imdb.com,Genderfluid,102.100.138.32
265,Gauthier,Faragher,gfaragher7c@telegraph.co.uk,Male,9.81.204.247
266,Sloan,Stranio,sstranio7d@narod.ru,Male,150.162.15.110
267,Roxine,Brunn,rbrunn7e@meetup.com,Female,171.245.59.155
268,Kessia,Coneau,kconeau7f@microsoft.com,Agender,99.173.73.66
269,Jeffy,Masden,jmasden7g@mayoclinic.com,Male,164.58.34.22
270,Adriano,Pendle,apendle7h@ameblo.jp,Male,246.207.74.169
271,Ciel,Sayer,csayer7i@themeforest.net,Polygender,21.180.116.74
272,Gaspard,O'Codihie,gocodihie7j@wired.com,Male,36.40.214.231
273,Moyna,Rizziello,mrizziello7k@devhub.com,Female,193.58.148.73
274,Gusty,Beenham,gbeenham7l@google.fr,Polygender,102.111.43.49
275,Anna-diana,Fuge,afuge7m@bloglines.com,Female,96.120.35.191
276,Aldon,Sherwyn,asherwyn7n@imageshack.us,Male,110.144.111.100
277,Bertrando,Ramsey,bramsey7o@facebook.com,Male,201.8.39.52
278,Carson,Duligall,cduligall7p@weather.com,Male,159.178.249.64
279,Ivie,Godridge,igodridge7q@alexa.com,Genderfluid,221.31.217.122
280,Giraldo,Fowle,gfowle7r@desdev.cn,Male,216.252.175.250
281,Brande,Santon,bsanton7s@jiathis.com,Female,245.48.210.73
282,Tremain,Ren,tren7t@state.gov,Bigender,113.251.138.141
283,Frans,Dyas,fdyas7u@mtv.com,Male,184.126.25.90
284,Whittaker,Hampstead,whampstead7v@liveinternet.ru,Genderqueer,228.180.206.231
285,Petronia,Pawelski,ppawelski7w@nasa.gov,Female,112.186.244.6
286,Bertha,Pickavance,bpickavance7x@scribd.com,Female,20.11.177.207
287,Wynnie,Tregensoe,wtregensoe7y@census.gov,Female,250.74.42.95
288,Dal,Mogie,dmogie7z@hubpages.com,Male,123.0.8.122
289,Burlie,Giriardelli,bgiriardelli80@google.es,Male,141.128.190.224
290,Darell,Bonsey,dbonsey81@java.com,Female,26.168.45.117
291,Branden,Silverthorne,bsilverthorne82@sun.com,Male,228.31.30.200
292,Wildon,Philcox,wphilcox83@columbia.edu,Male,158.225.198.103
293,Dedie,Billsberry,dbillsberry84@spiegel.de,Female,3.167.93.123
294,Kalila,Shaplin,kshaplin85@topsy.com,Female,209.157.199.165
295,Mayor,Hopkyns,mhopkyns86@nyu.edu,Male,247.160.21.253
296,Ninnette,Nevins,nnevins87@webs.com,Female,253.4.77.21
297,Renaldo,Froude,rfroude88@blog.com,Male,199.56.143.254
298,Colman,Flear,cflear89@sun.com,Male,110.160.121.32
299,Myles,Towriss,mtowriss8a@tamu.edu,Male,136.225.250.92
300,Hester,Vowell,hvowell8b@tripadvisor.com,Female,137.165.176.127
301,Tades,Gerard,tgerard8c@jugem.jp,Agender,199.147.107.230
302,Ariella,Siberry,asiberry8d@smugmug.com,Female,61.22.87.75
303,Ruthie,Sarvar,rsarvar8e@hud.gov,Female,220.251.158.103
304,Becki,Armatidge,barmatidge8f@t.co,Female,8.208.214.143
305,Charmaine,Coalbran,ccoalbran8g@sitemeter.com,Female,52.39.33.55
306,Federico,Hawkins,fhawkins8h@taobao.com,Male,184.49.105.60
307,Melina,Stood,mstood8i@istockphoto.com,Bigender,127.213.178.61
308,Nolie,McCollum,nmccollum8j@nbcnews.com,Female,120.25.211.237
309,Belicia,Biggins,bbiggins8k@goo.gl,Female,224.64.50.255
310,Estele,Georgiev,egeorgiev8l@slashdot.org,Female,118.202.81.168
311,Abie,Kelwick,akelwick8m@i2i.jp,Male,9.2.169.58
312,Doug,Wilkisson,dwilkisson8n@skype.com,Male,138.90.39.69
313,Aleksandr,Thomazet,athomazet8o@xinhuanet.com,Male,234.179.32.152
314,Alia,Cummings,acummings8p@issuu.com,Female,2.8.107.23
315,Bo,Barton,bbarton8q@php.net,Male,204.47.143.8
316,Aldous,Seaton,aseaton8r@gmpg.org,Male,52.235.85.164
317,Greta,Shrimptone,gshrimptone8s@cloudflare.com,Female,166.209.28.160
318,Amby,MacCallester,amaccallester8t@linkedin.com,Male,107.155.212.59
319,Goldina,Levinge,glevinge8u@posterous.com,Non-binary,36.101.224.71
320,Vallie,Eatherton,veatherton8v@nhs.uk,Female,77.193.104.173
321,Isac,Guinnane,iguinnane8w@taobao.com,Bigender,43.202.205.92
322,Rina,Prendergrast,rprendergrast8x@geocities.jp,Female,30.69.166.198
323,Myrvyn,Richfield,mrichfield8y@unesco.org,Male,94.122.160.73
324,Brandy,Swaffield,bswaffield8z@youtube.com,Male,21.69.66.126
325,Lilia,Atkins,latkins90@wikipedia.org,Female,206.160.134.96
326,Leanor,Vellender,lvellender91@sfgate.com,Female,41.156.118.205
327,Nyssa,Kelly,nkelly92@squarespace.com,Female,63.86.50.14
328,Ingunna,BoHlingolsen,ibohlingolsen93@twitpic.com,Female,4.50.46.56
329,Jock,Domini,jdomini94@dyndns.org,Male,185.242.71.137
330,Rooney,Edy,redy95@themeforest.net,Male,30.253.70.134
331,Janie,Acres,jacres96@nifty.com,Female,21.38.254.108
332,Kayne,Blazek,kblazek97@japanpost.jp,Male,100.97.95.38
333,Maximilian,Abernethy,mabernethy98@shutterfly.com,Male,226.62.27.237
334,Hortensia,Allender,hallender99@wikispaces.com,Female,94.154.124.247
335,Lyell,Grahamslaw,lgrahamslaw9a@diigo.com,Male,199.42.207.234
336,Jannel,Lindop,jlindop9b@histats.com,Female,3.165.215.41
337,Tessi,Sher,tsher9c@amazonaws.com,Female,45.129.14.168
338,Orson,Witten,owitten9d@a8.net,Male,199.100.201.129
339,Angeli,Ebbens,aebbens9e@bbb.org,Male,36.91.98.99
340,Tonie,Leney,tleney9f@noaa.gov,Female,112.191.225.196
341,Ely,Castellanos,ecastellanos9g@mtv.com,Male,71.227.65.8
342,Katrine,Shearmer,kshearmer9h@answers.com,Female,34.51.236.184
343,Gasper,Browncey,gbrowncey9i@amazon.co.jp,Male,169.206.20.130
344,Ingelbert,Cicullo,icicullo9j@ucoz.com,Male,4.195.197.150
345,Mord,Dulany,mdulany9k@squidoo.com,Male,21.63.214.73
346,Jo-ann,Kaszper,jkaszper9l@blogspot.com,Female,67.115.106.117
347,Gar,Deller,gdeller9m@gov.uk,Non-binary,240.161.131.251
348,Dulcine,Beek,dbeek9n@github.com,Female,228.228.159.248
349,Franky,Bridat,fbridat9o@topsy.com,Male,45.239.240.96
350,Lyndsay,MacClay,lmacclay9p@live.com,Female,210.104.176.102
351,Bendick,Casley,bcasley9q@icq.com,Male,40.151.52.174
352,Herminia,Clemencet,hclemencet9r@qq.com,Female,212.203.80.176
353,Luce,Eginton,leginton9s@umich.edu,Male,216.37.242.94
354,Brenden,Challens,bchallens9t@state.tx.us,Male,47.189.112.239
355,Clarence,Tilt,ctilt9u@blogs.com,Male,234.38.193.77
356,Doe,Escoffier,descoffier9v@adobe.com,Female,230.94.163.5
357,Jayme,Addekin,jaddekin9w@bing.com,Female,135.12.95.244
358,Serene,Hafner,shafner9x@ucoz.com,Female,34.52.24.5
359,Marlon,Clymo,mclymo9y@cnet.com,Male,28.176.194.34
360,Wake,Aronoff,waronoff9z@shutterfly.com,Male,115.151.217.139
361,Casar,Halfpenny,chalfpennya0@oaic.gov.au,Male,140.224.251.63
362,Griffy,Lambden,glambdena1@nbcnews.com,Male,23.184.31.62
363,Gorden,Honacker,ghonackera2@intel.com,Male,94.176.84.103
364,Nissa,Dhenin,ndhenina3@springer.com,Female,92.173.110.196
365,Jerrie,MacKettrick,jmackettricka4@ycombinator.com,Female,130.107.178.197
366,Bancroft,Walby,bwalbya5@sphinn.com,Male,231.91.239.184
367,Delora,Garlett,dgarletta6@posterous.com,Female,231.166.139.8
368,Nanice,Awcock,nawcocka7@squarespace.com,Female,154.80.44.138
369,Kath,Clapton,kclaptona8@livejournal.com,Female,184.150.101.33
370,Kris,Verring,kverringa9@tmall.com,Bigender,146.157.22.133
371,Candy,Tilliards,ctilliardsaa@engadget.com,Female,41.203.45.18
372,Ericka,Ketteridge,eketteridgeab@baidu.com,Female,61.130.213.206
373,Marjie,Lintall,mlintallac@ibm.com,Female,121.243.230.178
374,Jennee,Renfrew,jrenfrewad@creativecommons.org,Female,194.26.71.93
375,Gram,Crittal,gcrittalae@google.com.br,Male,26.207.191.211
376,Reggie,Molder,rmolderaf@nytimes.com,Female,89.169.48.143
377,Rodolfo,Gostick,rgostickag@topsy.com,Male,142.72.2.187
378,Alayne,Bartholin,abartholinah@mozilla.com,Female,105.9.137.137
379,Skipper,Nendick,snendickai@ucoz.com,Male,25.238.238.174
380,Les,Souch,lsouchaj@blogs.com,Male,137.52.233.209
381,Moore,Merricks,mmerricksak@wufoo.com,Male,66.77.18.62
382,Genovera,Yeliashev,gyeliasheval@wisc.edu,Female,136.169.239.35
383,Bathsheba,Guilford,bguilfordam@ifeng.com,Female,212.143.148.86
384,Caroljean,Saggs,csaggsan@engadget.com,Female,71.32.199.120
385,Sal,Henrie,shenrieao@webeden.co.uk,Female,25.81.237.193
386,Vikky,Livings,vlivingsap@cyberchimps.com,Female,99.137.38.80
387,Sloane,Chave,schaveaq@zimbio.com,Male,32.196.209.180
388,Cash,Fellona,cfellonaar@ftc.gov,Male,217.233.34.21
389,Krissie,Davidowsky,kdavidowskyas@slate.com,Female,131.171.28.114
390,Natalya,Hatfull,nhatfullat@admin.ch,Female,196.79.141.218
391,Minna,Silliman,msillimanau@thetimes.co.uk,Female,66.78.203.57
392,Zahara,Kollach,zkollachav@rambler.ru,Female,144.173.230.30
393,Sid,Stiggles,sstigglesaw@imgur.com,Male,51.194.164.137
394,Jerrilee,Geistbeck,jgeistbeckax@epa.gov,Female,202.100.133.58
395,Austin,Vallens,avallensay@jiathis.com,Male,206.176.14.80
396,Crissy,Jiri,cjiriaz@macromedia.com,Polygender,235.64.84.139
397,Clem,Sudron,csudronb0@icq.com,Male,212.147.188.249
398,Quintus,Vicary,qvicaryb1@sfgate.com,Male,120.13.58.17
399,Janine,Ruppertz,jruppertzb2@dagondesign.com,Female,86.178.0.74
400,Cristy,Calvie,ccalvieb3@unc.edu,Non-binary,148.250.63.159
401,Bartholomeo,Cecely,bcecelyb4@goodreads.com,Male,36.39.10.62
402,Cecelia,McQuarrie,cmcquarrieb5@upenn.edu,Female,128.8.160.92
403,Sullivan,Brooking,sbrookingb6@nsw.gov.au,Male,8.90.238.18
404,Desirae,Flello,dflellob7@slashdot.org,Genderfluid,194.111.93.119
405,Shermie,Tapley,stapleyb8@msn.com,Male,39.166.83.181
406,Reinhard,Rudolf,rrudolfb9@nba.com,Male,152.153.212.97
407,Petunia,Edlington,pedlingtonba@fc2.com,Female,116.220.116.209
408,Rosalie,Week,rweekbb@bbb.org,Female,247.79.57.10
409,Towny,Marlowe,tmarlowebc@chronoengine.com,Male,22.169.138.200
410,Edin,Purdie,epurdiebd@huffingtonpost.com,Female,183.46.133.16
411,Danny,Torr,dtorrbe@bizjournals.com,Male,65.164.84.143
412,Waldemar,Tradewell,wtradewellbf@deliciousdays.com,Male,168.99.177.159
413,Alica,Gorusso,agorussobg@delicious.com,Female,242.202.142.241
414,Roderich,Wemm,rwemmbh@nationalgeographic.com,Male,243.90.186.158
415,Ami,Becket,abecketbi@microsoft.com,Female,39.54.110.169
416,Callida,Kealey,ckealeybj@smugmug.com,Female,241.96.142.148
417,Derril,Christene,dchristenebk@cyberchimps.com,Male,145.201.198.215
418,Brade,Gerrell,bgerrellbl@ifeng.com,Male,137.63.235.242
419,Darius,Garvin,dgarvinbm@cnet.com,Male,11.75.151.140
420,Eustace,Adger,eadgerbn@discovery.com,Male,166.210.88.13
421,Jane,Melledy,jmelledybo@cocolog-nifty.com,Female,188.38.179.139
422,Olwen,Mack,omackbp@google.ca,Female,227.58.232.134
423,Dave,Vowell,dvowellbq@photobucket.com,Male,206.52.212.1
424,Philip,Duxfield,pduxfieldbr@spotify.com,Male,218.52.73.23
425,Brook,Eaglestone,beaglestonebs@oaic.gov.au,Female,17.217.244.141
426,Joleen,Syvret,jsyvretbt@prnewswire.com,Polygender,117.97.72.208
427,Puff,Burk,pburkbu@engadget.com,Male,69.157.231.128
428,Melisenda,Rodenhurst,mrodenhurstbv@ning.com,Female,245.88.169.172
429,Frederick,Couroy,fcouroybw@usda.gov,Male,34.246.237.140
430,Florenza,Ruddy,fruddybx@skype.com,Female,54.255.235.56
431,Katharine,Paynes,kpaynesby@zdnet.com,Female,58.71.47.244
432,Joyann,Kubalek,jkubalekbz@tumblr.com,Female,211.62.121.30
433,Gaylor,Halkyard,ghalkyardc0@theatlantic.com,Male,38.35.122.151
434,Marylee,Morfett,mmorfettc1@so-net.ne.jp,Female,225.120.5.119
435,Burton,Mancell,bmancellc2@vimeo.com,Male,178.94.26.222
436,Ade,McMurdo,amcmurdoc3@mapquest.com,Male,145.145.108.51
437,King,Balfour,kbalfourc4@fema.gov,Male,237.95.183.247
438,Frazer,Bassett,fbassettc5@ameblo.jp,Male,170.116.156.147
439,Brade,Feldstein,bfeldsteinc6@bloglines.com,Male,192.5.20.221
440,Pamella,Wetwood,pwetwoodc7@mediafire.com,Female,146.17.157.28
441,Aviva,Ceeley,aceeleyc8@house.gov,Female,210.126.158.214
442,Merrily,Deering,mdeeringc9@delicious.com,Genderfluid,64.253.185.156
443,Howard,Christie,hchristieca@hatena.ne.jp,Male,241.230.22.203
444,Celesta,Sighard,csighardcb@1und1.de,Female,125.24.219.254
445,Brittan,Lafay,blafaycc@hugedomains.com,Female,135.189.165.217
446,Jaquith,Denkel,jdenkelcd@google.cn,Female,232.183.126.184
447,Manuel,Grabb,mgrabbce@imgur.com,Male,118.171.143.146
448,Fiona,Ramelot,framelotcf@sphinn.com,Female,21.161.129.216
449,Der,Moorcroft,dmoorcroftcg@ft.com,Male,19.158.67.123
450,Isidora,Toohey,itooheych@pagesperso-orange.fr,Female,158.206.173.227
451,Reed,Pestell,rpestellci@wix.com,Male,132.148.73.77
452,Cesare,Farriar,cfarriarcj@imgur.com,Male,205.62.20.251
453,Emerson,Furness,efurnessck@bluehost.com,Male,116.99.137.0
454,Robby,Showler,rshowlercl@cargocollective.com,Male,164.89.61.21
455,Stephana,Spondley,sspondleycm@printfriendly.com,Bigender,229.88.50.127
456,Agathe,Shreenan,ashreenancn@plala.or.jp,Genderqueer,225.10.211.96
457,Ashlin,Goomes,agoomesco@army.mil,Male,94.203.37.102
458,Afton,Murford,amurfordcp@jimdo.com,Female,24.163.201.104
459,Vitoria,Harkin,vharkincq@arstechnica.com,Female,141.181.182.178
460,Abdel,Allsupp,aallsuppcr@addthis.com,Male,63.154.146.214
461,Ignazio,Reavell,ireavellcs@google.ca,Male,118.42.220.140
462,Gaspard,Clappson,gclappsonct@goodreads.com,Male,111.112.45.52
463,Caril,Pallas,cpallascu@newsvine.com,Female,203.140.50.91
464,Rik,Hadlee,rhadleecv@clickbank.net,Male,130.24.44.77
465,Clemente,Eminson,ceminsoncw@myspace.com,Male,109.16.16.7
466,Dael,Northway,dnorthwaycx@soup.io,Genderqueer,21.124.119.98
467,Allie,Barens,abarenscy@nps.gov,Male,9.245.137.28
468,Dell,Butlin,dbutlincz@mayoclinic.com,Female,133.116.184.71
469,Miriam,Pinxton,mpinxtond0@cpanel.net,Female,231.152.17.47
470,Lorne,Berkowitz,lberkowitzd1@constantcontact.com,Male,19.95.32.153
471,Lindy,Petrelli,lpetrellid2@usda.gov,Female,140.115.153.164
472,Cinnamon,Narraway,cnarrawayd3@vk.com,Female,186.204.55.35
473,Sallee,Fidilis,sfidilisd4@networksolutions.com,Female,125.12.150.131
474,Christan,McClinton,cmcclintond5@google.nl,Female,105.197.60.214
475,Laetitia,Aguirrezabal,laguirrezabald6@nsw.gov.au,Female,62.36.125.112
476,Rad,Edowes,redowesd7@issuu.com,Male,123.206.129.214
477,Sherwood,Danilevich,sdanilevichd8@typepad.com,Male,197.234.58.253
478,Illa,Phillipps,iphillippsd9@narod.ru,Female,130.32.225.79
479,Jaquenetta,Mussington,jmussingtonda@pcworld.com,Polygender,147.88.106.13
480,Mair,Deppe,mdeppedb@elpais.com,Female,219.101.89.253
481,Josh,Brolechan,jbrolechandc@howstuffworks.com,Male,49.176.64.214
482,Trefor,Cymper,tcymperdd@pbs.org,Male,44.78.182.83
483,Adolpho,Lytlle,alytllede@wix.com,Male,139.22.212.239
484,Nobe,Robbins,nrobbinsdf@yahoo.com,Male,121.217.237.111
485,Englebert,De Clairmont,edeclairmontdg@paginegialle.it,Male,49.71.175.147
486,Yelena,Rieger,yriegerdh@arizona.edu,Female,4.151.57.27
487,Willie,Downer,wdownerdi@va.gov,Female,209.153.129.210
488,Juli,Gilchrist,jgilchristdj@wired.com,Female,17.191.45.198
489,Maye,Proske,mproskedk@123-reg.co.uk,Female,237.52.71.247
490,Skipton,Minguet,sminguetdl@digg.com,Male,171.211.44.174
491,Mikkel,Garfath,mgarfathdm@stanford.edu,Male,205.127.122.255
492,Averyl,Hounihan,ahounihandn@squidoo.com,Female,73.55.131.49
493,Hilary,Stiant,hstiantdo@hao123.com,Female,175.192.111.249
494,Zonnya,Mapledoore,zmapledooredp@washingtonpost.com,Female,218.138.241.241
495,Ginni,Naptine,gnaptinedq@jimdo.com,Female,69.236.235.211
496,Filbert,Spier,fspierdr@nymag.com,Male,165.61.7.36
497,Matteo,Sigfrid,msigfridds@paginegialle.it,Male,232.6.186.11
498,Carmelina,Taks,ctaksdt@indiatimes.com,Female,109.209.115.250
499,Ruthe,Brittan,rbrittandu@tiny.cc,Female,117.87.237.133
500,Jolynn,Habbeshaw,jhabbeshawdv@washington.edu,Female,217.115.191.69
501,Kenon,Dufore,kduforedw@reddit.com,Male,139.184.104.110
502,Dennet,Springthorp,dspringthorpdx@over-blog.com,Male,238.90.225.131
503,Penelope,MacColgan,pmaccolgandy@deviantart.com,Genderfluid,21.209.51.14
504,Bevvy,Dansey,bdanseydz@tinyurl.com,Female,183.111.246.149
505,Quinton,Stribbling,qstribblinge0@xinhuanet.com,Male,128.207.217.131
506,Priscella,Skill,pskille1@smh.com.au,Female,10.101.119.32
507,Kin,Gabbatiss,kgabbatisse2@altervista.org,Male,217.60.23.133
508,Herby,Stainton,hstaintone3@topsy.com,Male,89.64.11.41
509,Irving,Gaddesby,igaddesbye4@4shared.com,Male,44.193.97.143
510,Benedicta,Mathison,bmathisone5@google.ca,Female,46.211.236.38
511,Evy,Graveney,egraveneye6@ameblo.jp,Female,32.157.150.27
512,Denny,Lutz,dlutze7@linkedin.com,Female,193.148.161.72
513,Ralina,Ovitts,rovittse8@flavors.me,Female,125.123.155.105
514,Giffie,Greveson,ggrevesone9@amazon.co.jp,Male,108.123.169.240
515,Lemmy,Kenright,lkenrightea@google.fr,Male,183.237.210.178
516,Melisa,Skym,mskymeb@yolasite.com,Female,4.52.169.100
517,Frazer,Lorence,florenceec@theatlantic.com,Male,119.124.137.124
518,Leila,Timms,ltimmsed@tinyurl.com,Genderqueer,47.144.176.187
519,Carleton,Birkin,cbirkinee@google.ca,Male,209.65.79.208
520,Oby,Peeke-Vout,opeekevoutef@google.com.br,Male,75.189.69.2
521,Michele,De Haven,mdehaveneg@blogspot.com,Male,87.88.143.38
522,Vivien,Lacheze,vlachezeeh@usgs.gov,Genderfluid,59.16.47.166
523,Rutherford,Pargetter,rpargetterei@shinystat.com,Male,180.198.119.225
524,Meta,Imesen,mimesenej@icio.us,Non-binary,60.251.17.140
525,Rosmunda,Torricella,rtorricellaek@sun.com,Female,99.104.46.244
526,Janetta,Starbeck,jstarbeckel@boston.com,Female,40.28.9.197
527,Palmer,Buckell,pbuckellem@furl.net,Polygender,209.214.224.26
528,Florance,Duigenan,fduigenanen@patch.com,Female,43.161.82.173
529,Delainey,Double,ddoubleeo@multiply.com,Male,159.248.163.77
530,Ivan,Stallon,istallonep@nifty.com,Genderqueer,177.90.161.216
531,Ronalda,Collet,rcolleteq@furl.net,Female,101.35.157.199
532,Lenee,Haswall,lhaswaller@symantec.com,Female,70.244.160.50
533,Dorris,Caston,dcastones@people.com.cn,Female,123.51.241.130
534,Mabel,Collyns,mcollynset@youtu.be,Female,177.64.115.0
535,Lois,Melmeth,lmelmetheu@marketwatch.com,Female,230.55.161.246
536,Gavan,Phillippo,gphillippoev@noaa.gov,Male,77.141.97.51
537,Lennard,Krienke,lkrienkeew@state.gov,Male,61.122.171.155
538,Roderic,Guynemer,rguynemerex@about.com,Male,106.154.137.234
539,Sergent,Goutcher,sgoutcherey@4shared.com,Male,161.147.43.90
540,Harold,Hobson,hhobsonez@epa.gov,Male,170.152.66.214
541,Sergeant,Dutson,sdutsonf0@nba.com,Male,93.59.24.132
542,Baillie,Salvador,bsalvadorf1@plala.or.jp,Male,132.27.140.105
543,Abbie,Perris,aperrisf2@google.co.uk,Female,248.222.42.93
544,Kevon,Sokill,ksokillf3@utexas.edu,Male,139.33.114.255
545,Ben,Muckley,bmuckleyf4@utexas.edu,Male,133.88.192.145
546,Molli,Conner,mconnerf5@youku.com,Female,167.43.27.202
547,Derby,Raithmill,draithmillf6@51.la,Male,245.216.85.152
548,Freddie,Tuma,ftumaf7@hp.com,Female,160.163.142.171
549,Nannie,Greenham,ngreenhamf8@wikispaces.com,Female,208.117.26.116
550,Simmonds,Doulton,sdoultonf9@google.co.uk,Male,66.100.141.166
551,Sande,Sibray,ssibrayfa@twitter.com,Female,223.63.24.239
552,Eran,Aspel,easpelfb@skype.com,Female,159.241.46.98
553,Mendel,Parres,mparresfc@google.cn,Agender,164.214.23.144
554,Rayna,Ghiroldi,rghiroldifd@princeton.edu,Female,178.114.252.226
555,Mackenzie,Kloska,mkloskafe@fastcompany.com,Male,85.231.48.74
556,Ardyth,Kilkenny,akilkennyff@plala.or.jp,Female,213.120.194.110
557,Willy,Pitcher,wpitcherfg@harvard.edu,Male,208.17.93.234
558,Roldan,Francescotti,rfrancescottifh@hatena.ne.jp,Male,140.211.164.239
559,Kenton,Regi,kregifi@discuz.net,Male,14.221.59.187
560,Timothy,Keher,tkeherfj@aol.com,Male,144.207.128.155
561,Benedikt,Ream,breamfk@paypal.com,Male,96.187.113.100
562,Boris,Sheirlaw,bsheirlawfl@newsvine.com,Male,151.50.122.219
563,Riannon,Harkins,rharkinsfm@xrea.com,Agender,181.56.44.122
564,Bastian,McCaughren,bmccaughrenfn@ucoz.ru,Male,149.100.12.32
565,Cullin,Lamasna,clamasnafo@sfgate.com,Male,223.80.42.56
566,Pearce,Drinkwater,pdrinkwaterfp@github.io,Male,61.215.217.52
567,Rafaello,Zannelli,rzannellifq@rediff.com,Male,45.88.67.115
568,Odele,Fetherstone,ofetherstonefr@moonfruit.com,Female,165.136.100.62
569,Ivy,Canada,icanadafs@alibaba.com,Female,69.40.31.97
570,Iosep,Dumsday,idumsdayft@ft.com,Male,177.220.210.109
571,Leone,Roseborough,lroseboroughfu@icq.com,Female,62.79.227.80
572,Jamal,Gotter,jgotterfv@bluehost.com,Male,116.28.228.105
573,Web,Mees,wmeesfw@whitehouse.gov,Male,245.248.221.85
574,Eleanor,Biddleston,ebiddlestonfx@surveymonkey.com,Female,65.42.22.253
575,Libbey,Gentzsch,lgentzschfy@plala.or.jp,Female,172.82.17.82
576,Cecil,Stott,cstottfz@w3.org,Male,128.223.95.88
577,Cori,Ivan,civang0@infoseek.co.jp,Male,219.129.74.144
578,Reade,Poncet,rponcetg1@woothemes.com,Male,189.198.212.7
579,Noah,Hernik,nhernikg2@gizmodo.com,Male,124.27.64.36
580,Carly,Leffek,cleffekg3@com.com,Male,97.215.94.215
581,Ambros,Grassot,agrassotg4@state.gov,Male,229.163.2.195
582,Shawn,Moyser,smoyserg5@elegantthemes.com,Male,223.124.175.45
583,Emmi,Reisen,ereiseng6@cam.ac.uk,Female,235.122.14.14
584,Thomas,de Almeida,tdealmeidag7@wisc.edu,Male,59.181.218.128
585,Gabby,Kinvan,gkinvang8@nyu.edu,Male,214.146.96.60
586,Dario,Lorkins,dlorkinsg9@google.pl,Polygender,174.105.61.83
587,Kimbell,Alan,kalanga@upenn.edu,Male,108.203.1.231
588,Joshuah,Lebel,jlebelgb@lulu.com,Male,126.225.222.234
589,Ginevra,Aspital,gaspitalgc@yahoo.co.jp,Female,231.56.115.129
590,Yasmin,Wheelwright,ywheelwrightgd@dailymotion.com,Female,57.156.58.61
591,Renell,Shaves,rshavesge@ebay.co.uk,Female,17.94.131.42
592,Goldina,Boss,gbossgf@elegantthemes.com,Female,221.69.58.95
593,Elayne,Veare,evearegg@wordpress.org,Female,255.27.199.100
594,Rickert,Starbuck,rstarbuckgh@nifty.com,Male,180.203.17.189
595,Jennee,Daveran,jdaverangi@aol.com,Female,114.96.109.101
596,Herminia,Rapin,hrapingj@senate.gov,Female,144.233.174.38
597,Wren,Hixson,whixsongk@gmpg.org,Female,96.71.163.211
598,Randa,Loan,rloangl@topsy.com,Female,58.220.110.16
599,Clareta,Curzey,ccurzeygm@salon.com,Female,133.113.220.244
600,Verge,Lapthorn,vlapthorngn@geocities.jp,Male,57.182.55.21
601,Robbi,Tomney,rtomneygo@bing.com,Female,118.79.241.22
602,Jerad,Caddens,jcaddensgp@sfgate.com,Male,75.248.213.107
603,Evvie,Prendiville,eprendivillegq@nhs.uk,Female,16.234.226.204
604,Cheston,Spennock,cspennockgr@opensource.org,Male,118.54.89.198
605,Mellie,Penwright,mpenwrightgs@ca.gov,Female,204.159.15.67
606,Jelene,Renak,jrenakgt@harvard.edu,Female,13.154.88.140
607,Hertha,Hutcheson,hhutchesongu@sfgate.com,Female,149.128.17.31
608,Alastair,La Vigne,alavignegv@tamu.edu,Male,76.1.194.46
609,Odey,Ashley,oashleygw@dell.com,Male,183.90.128.162
610,Marlo,Grogan,mgrogangx@furl.net,Female,199.244.20.172
611,Geoffry,Barrowcliffe,gbarrowcliffegy@printfriendly.com,Male,169.39.104.245
612,Zolly,Aslin,zaslingz@elegantthemes.com,Male,222.176.161.16
613,Marrilee,Lawn,mlawnh0@nhs.uk,Female,235.228.79.16
614,Roma,MacIlhargy,rmacilhargyh1@booking.com,Male,164.154.168.149
615,Stanton,Dennant,sdennanth2@a8.net,Genderqueer,95.211.203.214
616,Earle,Brashaw,ebrashawh3@nhs.uk,Male,225.221.186.159
617,Barris,Unger,bungerh4@alexa.com,Male,73.212.135.197
618,Raleigh,Lambertz,rlambertzh5@nifty.com,Male,122.168.174.253
619,Gaynor,O' Timony,gotimonyh6@weebly.com,Female,237.38.213.236
620,Moss,Hannis,mhannish7@google.ca,Male,121.12.5.56
621,Rochester,Andrin,randrinh8@engadget.com,Male,123.61.139.78
622,Marga,Cattrell,mcattrellh9@psu.edu,Female,252.76.33.160
623,Eimile,Shugg,eshuggha@ftc.gov,Female,181.90.22.248
624,Peri,Telfer,ptelferhb@dyndns.org,Female,170.215.44.164
625,Pennie,McCaig,pmccaighc@hud.gov,Female,102.132.216.137
626,Norrie,Antoszczyk,nantoszczykhd@yolasite.com,Female,243.99.21.221
627,Elsinore,Eblein,eebleinhe@google.it,Female,235.127.242.52
628,Marieann,Van den Hof,mvandenhofhf@altervista.org,Female,70.171.52.115
629,Saunders,Kingzett,skingzetthg@cargocollective.com,Male,222.127.7.22
630,Ermin,Mocquer,emocquerhh@scribd.com,Male,204.77.75.222
631,Jayson,Bourdel,jbourdelhi@quantcast.com,Male,67.188.192.108
632,Logan,Royl,lroylhj@printfriendly.com,Male,226.43.219.39
633,Sloane,Hopfer,shopferhk@blogspot.com,Male,157.117.103.152
634,Reagan,Brazel,rbrazelhl@amazon.com,Male,28.24.239.23
635,Phil,Audsley,paudsleyhm@barnesandnoble.com,Male,194.126.156.21
636,Hanan,Whittle,hwhittlehn@ning.com,Male,21.90.218.110
637,Devan,Twittey,dtwitteyho@merriam-webster.com,Female,31.205.191.63
638,Lexine,Hamblington,lhamblingtonhp@printfriendly.com,Female,7.90.48.127
639,Karla,Tschierasche,ktschieraschehq@amazon.co.jp,Female,41.3.254.236
640,Allin,O'Dowling,aodowlinghr@myspace.com,Male,138.151.123.93
641,Jessa,Rozet,jrozeths@alibaba.com,Female,65.191.78.77
642,Peirce,MacGaughie,pmacgaughieht@wordpress.com,Genderqueer,220.65.36.207
643,Aharon,Aherne,aahernehu@theglobeandmail.com,Male,1.12.30.158
644,Christophorus,Cadle,ccadlehv@freewebs.com,Bigender,73.251.34.244
645,Ellwood,Faulconbridge,efaulconbridgehw@woothemes.com,Male,163.137.136.97
646,Alex,Epdell,aepdellhx@imgur.com,Male,152.59.7.114
647,Elnar,Kubu,ekubuhy@hexun.com,Male,96.63.242.139
648,Brant,Milkeham,bmilkehamhz@lycos.com,Non-binary,97.72.195.189
649,Duncan,O'Mullaney,domullaneyi0@ask.com,Male,243.234.196.122
650,Roland,de Grey,rdegreyi1@forbes.com,Male,85.149.67.101
651,Auria,Chanson,achansoni2@senate.gov,Female,74.187.91.246
652,Veradis,Barkshire,vbarkshirei3@epa.gov,Female,49.45.215.251
653,Quincy,Gallego,qgallegoi4@goodreads.com,Male,138.189.39.159
654,Gareth,Levesley,glevesleyi5@wix.com,Male,212.130.141.236
655,Egbert,Hagart,ehagarti6@chicagotribune.com,Male,129.3.85.85
656,Alvera,Lukas,alukasi7@constantcontact.com,Genderqueer,33.170.251.229
657,Erek,Kezar,ekezari8@hubpages.com,Male,146.106.114.149
658,Tersina,Macconaghy,tmacconaghyi9@ustream.tv,Non-binary,179.100.229.103
659,Marabel,Chattington,mchattingtonia@technorati.com,Female,158.171.185.231
660,Laura,Cuphus,lcuphusib@whitehouse.gov,Female,149.18.161.176
661,Stefa,Teresse,steresseic@zimbio.com,Female,232.108.236.40
662,Elfrieda,Avrashin,eavrashinid@friendfeed.com,Female,140.93.137.91
663,Merrick,Iggalden,miggaldenie@storify.com,Male,41.215.164.240
664,Celina,L' Anglois,clangloisif@icq.com,Female,137.238.189.230
665,Eric,Kinghorne,ekinghorneig@cargocollective.com,Male,180.167.13.171
666,Orton,Snoxill,osnoxillih@quantcast.com,Male,12.69.110.14
667,Hayyim,Penk,hpenkii@gizmodo.com,Male,121.110.117.191
668,Eliza,Drew-Clifton,edrewcliftonij@mozilla.com,Female,188.122.133.118
669,Luciana,Horley,lhorleyik@wordpress.org,Female,92.193.136.93
670,Adi,Odger,aodgeril@globo.com,Female,78.248.6.91
671,Gilly,Pulbrook,gpulbrookim@1688.com,Genderqueer,175.195.144.208
672,Elnar,Marques,emarquesin@discuz.net,Non-binary,132.104.18.98
673,Kimbell,Northover,knorthoverio@furl.net,Male,146.203.93.124
674,Etan,Pinxton,epinxtonip@spotify.com,Male,22.127.64.134
675,Arliene,Thairs,athairsiq@marketwatch.com,Genderqueer,120.215.220.114
676,Karel,Drewes,kdrewesir@usda.gov,Female,247.2.103.5
677,Lorne,Povall,lpovallis@illinois.edu,Male,88.217.200.204
678,Moses,Fahey,mfaheyit@ucla.edu,Male,228.122.58.137
679,Lynsey,Mines,lminesiu@cnn.com,Female,25.185.172.239
680,Jory,Castle,jcastleiv@themeforest.net,Male,83.100.127.201
681,Aggy,Stonestreet,astonestreetiw@fda.gov,Genderqueer,214.35.178.234
682,Isaac,McGrayle,imcgrayleix@netlog.com,Male,71.120.18.5
683,Gerhard,Lorenzini,glorenziniiy@merriam-webster.com,Male,91.43.202.247
684,Celeste,Buntain,cbuntainiz@usa.gov,Female,88.201.105.164
685,Levin,Kamenar,lkamenarj0@blinklist.com,Male,192.76.192.11
686,Lavinia,Hryniewicki,lhryniewickij1@umn.edu,Female,124.242.40.159
687,Aidan,Byres,abyresj2@stanford.edu,Female,146.59.88.55
688,Ashlee,Maling,amalingj3@aol.com,Female,47.68.26.114
689,Wren,Urian,wurianj4@nyu.edu,Female,249.101.240.153
690,Andrus,Cholwell,acholwellj5@sourceforge.net,Male,33.1.31.7
691,Cissiee,Simonich,csimonichj6@moonfruit.com,Female,111.165.49.77
692,Emmet,Matchett,ematchettj7@freewebs.com,Polygender,231.245.111.164
693,Ozzie,Dymidowicz,odymidowiczj8@dailymail.co.uk,Male,133.189.111.41
694,Wilfred,Aldcorne,waldcornej9@narod.ru,Male,0.63.71.82
695,Cornelius,Nutkins,cnutkinsja@naver.com,Male,4.101.17.73
696,Isis,Hensmans,ihensmansjb@hp.com,Female,12.114.190.63
697,Derrick,Linck,dlinckjc@woothemes.com,Bigender,187.45.205.229
698,Marice,Klas,mklasjd@dailymotion.com,Non-binary,38.4.71.227
699,Orbadiah,Easum,oeasumje@sciencedaily.com,Male,32.197.174.63
700,Olivette,Massingham,omassinghamjf@ebay.co.uk,Female,46.6.255.104
701,Rora,McGavin,rmcgavinjg@youku.com,Female,144.189.43.247
702,Martino,Beresfore,mberesforejh@soundcloud.com,Male,122.220.252.247
703,Egbert,Cassey,ecasseyji@forbes.com,Male,41.234.28.147
704,Lyndell,Crewe,lcrewejj@linkedin.com,Female,104.227.79.177
705,Annaliese,Kenneford,akennefordjk@devhub.com,Female,32.28.194.238
706,Raymond,Aronstam,raronstamjl@house.gov,Male,204.96.88.112
707,Barbra,O'Quin,boquinjm@springer.com,Female,188.200.173.182
708,Brandea,Baudts,bbaudtsjn@china.com.cn,Female,179.91.101.30
709,Orv,Learman,olearmanjo@networkadvertising.org,Male,81.223.72.126
710,Venus,MacKeig,vmackeigjp@bing.com,Female,39.15.195.58
711,Glenda,Quernel,gquerneljq@woothemes.com,Female,39.9.199.67
712,Peggy,Elfe,pelfejr@cafepress.com,Female,112.195.198.105
713,Vere,Riccioppo,vriccioppojs@booking.com,Female,236.213.235.63
714,Jimmie,M'Quhan,jmquhanjt@live.com,Male,6.8.234.128
715,Cele,Tomovic,ctomovicju@columbia.edu,Bigender,63.191.223.99
716,Pavia,MacPeake,pmacpeakejv@cafepress.com,Female,88.33.8.180
717,Shelley,Pibworth,spibworthjw@fotki.com,Female,44.149.88.223
718,Noby,Sigge,nsiggejx@admin.ch,Male,230.103.241.29
719,Stuart,Roddy,sroddyjy@bbc.co.uk,Male,85.34.137.147
720,Celestine,Marley,cmarleyjz@ustream.tv,Female,121.2.6.120
721,Mirelle,Sustin,msustink0@com.com,Genderfluid,210.123.3.141
722,Euphemia,Botger,ebotgerk1@senate.gov,Female,116.167.74.77
723,Kayley,Langlands,klanglandsk2@theglobeandmail.com,Female,93.110.112.77
724,Rockwell,Chippin,rchippink3@freewebs.com,Male,143.131.100.211
725,Letizia,Cavil,lcavilk4@tinypic.com,Female,60.90.52.79
726,Lemuel,Stanex,lstanexk5@vkontakte.ru,Male,228.141.55.163
727,Rachel,Cotterill,rcotterillk6@exblog.jp,Female,17.108.0.184
728,Adam,Bradick,abradickk7@1688.com,Male,22.22.74.155
729,Leigha,Kulver,lkulverk8@soup.io,Female,219.117.101.44
730,Ashby,Bynert,abynertk9@soup.io,Male,21.131.67.129
731,Morly,Ballister,mballisterka@diigo.com,Male,86.189.6.126
732,Issiah,Youson,iyousonkb@stanford.edu,Male,18.222.92.210
733,Jaquith,Axtell,jaxtellkc@opera.com,Female,4.159.152.243
734,Blair,Tonn,btonnkd@blinklist.com,Male,28.35.71.27
735,Sofie,Topham,stophamke@biglobe.ne.jp,Female,181.71.180.97
736,Aggie,Murkin,amurkinkf@washington.edu,Agender,99.154.137.155
737,Silvia,Frarey,sfrareykg@nba.com,Female,87.240.29.236
738,Jerrome,Kock,jkockkh@ask.com,Male,189.182.238.94
739,Willdon,Leworthy,wleworthyki@ask.com,Male,142.181.152.19
740,Barbey,Sitwell,bsitwellkj@cisco.com,Female,64.30.241.60
741,Isidor,Hannan,ihannankk@woothemes.com,Male,197.115.153.141
742,Tremaine,Trimmell,ttrimmellkl@walmart.com,Male,126.243.37.59
743,Della,Nesby,dnesbykm@gravatar.com,Female,249.26.253.93
744,Guss,Tomczynski,gtomczynskikn@gnu.org,Male,96.76.131.237
745,Ottilie,Gritton,ogrittonko@noaa.gov,Genderfluid,127.28.48.68
746,Chelsy,Morcomb,cmorcombkp@google.es,Female,48.31.233.49
747,Carr,Woolfoot,cwoolfootkq@fema.gov,Male,56.110.1.18
748,Terrell,Pickersail,tpickersailkr@reverbnation.com,Male,117.42.59.142
749,Pia,Roughey,prougheyks@noaa.gov,Female,91.242.125.0
750,Lurline,Carwithan,lcarwithankt@patch.com,Female,32.203.50.158
751,Wes,Gostridge,wgostridgeku@irs.gov,Agender,179.164.126.124
752,Paloma,Willan,pwillankv@plala.or.jp,Female,7.101.208.70
753,Dode,Petera,dpeterakw@seesaa.net,Female,184.89.24.30
754,Rolland,Danielli,rdaniellikx@nifty.com,Male,88.155.231.154
755,Bruce,Bensen,bbensenky@purevolume.com,Male,163.187.202.189
756,Fae,Arpin,farpinkz@51.la,Female,52.230.86.246
757,Bradly,Assante,bassantel0@techcrunch.com,Male,32.232.53.190
758,Dallis,MacGiffin,dmacgiffinl1@wsj.com,Male,192.64.136.54
759,Corrie,Coltart,ccoltartl2@deliciousdays.com,Male,171.8.217.225
760,Raychel,Godley,rgodleyl3@washington.edu,Female,229.189.207.155
761,Zorine,Milburn,zmilburnl4@shareasale.com,Female,131.56.187.124
762,Phyllis,Pavic,ppavicl5@prlog.org,Female,108.144.11.193
763,Sigismundo,Pachta,spachtal6@sakura.ne.jp,Male,183.64.237.210
764,Jeff,Booth,jboothl7@exblog.jp,Male,65.154.163.224
765,Ruddie,By,rbyl8@chronoengine.com,Male,247.226.72.14
766,Hayley,Rackstraw,hrackstrawl9@livejournal.com,Female,100.93.38.180
767,Devinne,Van Arsdall,dvanarsdallla@unc.edu,Female,93.42.156.53
768,Herbert,Rosengart,hrosengartlb@ftc.gov,Male,83.73.86.244
769,Jaquith,Boyall,jboyalllc@github.com,Female,154.79.16.192
770,Dill,Sibery,dsiberyld@devhub.com,Male,5.215.154.43
771,Cecil,Speak,cspeakle@networkadvertising.org,Female,227.250.43.218
772,Damian,Pender,dpenderlf@domainmarket.com,Male,76.112.33.209
773,Baryram,Vivyan,bvivyanlg@bloomberg.com,Male,193.133.112.220
774,Vincenz,Bellis,vbellislh@thetimes.co.uk,Male,129.62.37.225
775,Lombard,Rubinovitch,lrubinovitchli@dmoz.org,Male,150.210.1.132
776,Falkner,Bertl,fbertllj@ihg.com,Male,105.253.80.196
777,Gipsy,Fysh,gfyshlk@zdnet.com,Polygender,146.253.112.14
778,Dorris,Bladen,dbladenll@apple.com,Female,2.9.204.249
779,Dall,Hannon,dhannonlm@dion.ne.jp,Male,10.166.35.176
780,Leann,Flanigan,lflaniganln@weather.com,Female,140.171.247.126
781,Kimmi,Brockhurst,kbrockhurstlo@miitbeian.gov.cn,Female,213.225.241.11
782,Cullen,Aspole,caspolelp@google.com,Male,106.2.132.80
783,Nora,Quenell,nquenelllq@livejournal.com,Genderqueer,251.132.85.56
784,Raynor,Brimble,rbrimblelr@plala.or.jp,Male,73.43.229.233
785,Durward,MacGill,dmacgillls@comsenz.com,Male,162.133.44.69
786,Lotte,Morgon,lmorgonlt@ox.ac.uk,Female,155.231.196.189
787,Roth,Colleck,rcollecklu@springer.com,Male,4.98.149.144
788,Ned,Radolf,nradolflv@google.com.hk,Male,167.171.231.31
789,Marty,Ferfulle,mferfullelw@mediafire.com,Female,62.210.223.192
790,Butch,Chadbourn,bchadbournlx@virginia.edu,Male,11.96.156.20
791,Pinchas,Bugbee,pbugbeely@discovery.com,Male,35.165.84.181
792,Gwendolen,Dunge,gdungelz@japanpost.jp,Female,43.19.218.161
793,Cleon,Rudloff,crudloffm0@blogspot.com,Male,85.221.83.54
794,Werner,Eayres,weayresm1@virginia.edu,Male,183.109.175.141
795,Cobby,Dulen,cdulenm2@bizjournals.com,Male,22.208.249.209
796,Currie,Bury,cburym3@opera.com,Male,22.105.72.16
797,Katy,Duerdin,kduerdinm4@tripadvisor.com,Female,147.203.210.106
798,Vania,Elcox,velcoxm5@cbslocal.com,Female,129.92.112.229
799,Fabe,McMonies,fmcmoniesm6@photobucket.com,Male,231.19.76.241
800,Nickie,Brandassi,nbrandassim7@samsung.com,Male,209.18.176.57
801,Arnoldo,Arrundale,aarrundalem8@theglobeandmail.com,Male,229.37.30.234
802,Vere,Maynard,vmaynardm9@wufoo.com,Bigender,95.217.15.78
803,Anjela,Gartenfeld,agartenfeldma@usa.gov,Female,168.6.104.246
804,Gordon,Abrahart,gabrahartmb@ucoz.com,Male,100.200.37.130
805,Marv,Novik,mnovikmc@mit.edu,Male,40.100.90.13
806,Vania,Mauchlen,vmauchlenmd@taobao.com,Female,160.8.199.141
807,Kelby,Epsly,kepslyme@imageshack.us,Male,5.66.131.89
808,Shayne,Luipold,sluipoldmf@umich.edu,Female,241.173.188.248
809,Bride,Plail,bplailmg@freewebs.com,Female,102.255.23.62
810,Helaine,Cardwell,hcardwellmh@arizona.edu,Female,37.162.156.123
811,Davina,Ropars,droparsmi@cnn.com,Female,134.248.244.71
812,Ludwig,Dyte,ldytemj@blogs.com,Male,194.242.216.32
813,Adriane,Donnellan,adonnellanmk@sun.com,Female,106.245.111.176
814,Carly,Westrey,cwestreyml@goodreads.com,Female,28.208.146.42
815,Mellisent,Flecknoe,mflecknoemm@xinhuanet.com,Polygender,47.167.106.143
816,Bink,Underhill,bunderhillmn@admin.ch,Genderqueer,5.180.247.152
817,Lana,Huguet,lhuguetmo@mtv.com,Female,83.194.15.50
818,Paulina,Richford,prichfordmp@gov.uk,Female,110.177.216.85
819,Izzy,Fairfoot,ifairfootmq@posterous.com,Agender,103.166.198.17
820,Maurise,Blowers,mblowersmr@wisc.edu,Non-binary,8.21.29.119
821,Marthe,Napleton,mnapletonms@wp.com,Female,158.63.200.134
822,Heindrick,Quernel,hquernelmt@abc.net.au,Male,231.201.6.177
823,Corene,Worsnip,cworsnipmu@tinypic.com,Female,193.197.199.178
824,Hilary,Dodge,hdodgemv@xrea.com,Male,91.78.25.66
825,Viole,Bonnick,vbonnickmw@biblegateway.com,Female,76.91.207.17
826,Gweneth,Gilding,ggildingmx@topsy.com,Female,19.87.240.82
827,Edie,Giannotti,egiannottimy@phoca.cz,Female,251.233.29.131
828,Sada,Peltzer,speltzermz@webs.com,Female,15.43.255.237
829,Matthus,Hadrill,mhadrilln0@rediff.com,Male,188.253.161.224
830,Jobye,Britzius,jbritziusn1@reverbnation.com,Female,187.233.168.189
831,Eberhard,Stillman,estillmann2@state.gov,Male,134.218.110.186
832,Lamond,Barritt,lbarrittn3@umich.edu,Male,104.7.227.213
833,Milli,Paschke,mpaschken4@vkontakte.ru,Genderfluid,9.43.231.233
834,Goldie,McEnery,gmceneryn5@cocolog-nifty.com,Female,103.228.32.76
835,Agretha,Raubenheimer,araubenheimern6@livejournal.com,Female,154.7.132.37
836,Hamlin,Ferreri,hferrerin7@4shared.com,Genderfluid,224.81.146.245
837,Pier,Dowthwaite,pdowthwaiten8@huffingtonpost.com,Female,56.29.9.36
838,Brana,Kapelhoff,bkapelhoffn9@ftc.gov,Female,89.173.184.104
839,Levy,Ramelet,lrameletna@bloomberg.com,Male,132.50.148.209
840,Chelsy,Aldham,caldhamnb@scribd.com,Female,132.74.12.183
841,Keenan,Mabbutt,kmabbuttnc@huffingtonpost.com,Male,169.246.166.48
842,Lenora,Durrance,ldurrancend@usnews.com,Female,169.86.30.45
843,Caesar,McClements,cmcclementsne@taobao.com,Male,19.122.216.98
844,Iolanthe,Mathewson,imathewsonnf@over-blog.com,Female,35.94.92.42
845,Tarah,Lewing,tlewingng@hud.gov,Female,166.235.106.216
846,Keelby,Furby,kfurbynh@state.tx.us,Male,204.132.239.117
847,Shela,Stag,sstagni@tmall.com,Female,7.211.141.68
848,Hubey,Cartmill,hcartmillnj@sun.com,Male,243.209.117.120
849,Boigie,Richfield,brichfieldnk@ibm.com,Male,65.28.105.212
850,Zaneta,Carrivick,zcarrivicknl@soundcloud.com,Female,208.1.41.56
851,Thedric,Schnitter,tschnitternm@jigsy.com,Male,76.246.116.21
852,Tripp,Bartalini,tbartalininn@unesco.org,Male,40.25.179.136
853,Nico,Camous,ncamousno@pen.io,Male,183.17.168.106
854,Dickie,Jupp,djuppnp@vistaprint.com,Male,216.66.104.183
855,Nickolai,Clampe,nclampenq@time.com,Male,168.85.99.197
856,Anny,Madre,amadrenr@walmart.com,Female,120.129.152.158
857,Jessie,Sheasby,jsheasbyns@eepurl.com,Female,105.231.107.206
858,Bernita,Peiro,bpeiront@xinhuanet.com,Female,185.109.187.248
859,Rodolphe,Andri,randrinu@biblegateway.com,Male,83.28.20.120
860,Arnuad,Kelling,akellingnv@wisc.edu,Male,245.60.237.108
861,Joletta,Nusche,jnuschenw@stumbleupon.com,Female,99.3.84.182
862,Marika,Tuxill,mtuxillnx@marriott.com,Female,19.92.25.250
863,Sonya,Forder,sforderny@vk.com,Female,32.11.94.183
864,Lucho,Palfreyman,lpalfreymannz@printfriendly.com,Male,10.65.165.168
865,Rivalee,Smorfit,rsmorfito0@weather.com,Female,84.170.168.35
866,Shani,McMenamy,smcmenamyo1@parallels.com,Genderfluid,188.0.86.154
867,Shayne,McMakin,smcmakino2@ucsd.edu,Female,97.27.178.21
868,Allyn,Feore,afeoreo3@homestead.com,Female,31.209.94.26
869,Herculie,Scallon,hscallono4@paypal.com,Male,172.168.206.150
870,Ingaborg,Maylor,imayloro5@unesco.org,Female,90.252.1.88
871,Katherina,Giorgio,kgiorgioo6@prweb.com,Female,166.73.249.146
872,Odetta,Spinney,ospinneyo7@time.com,Female,89.189.104.207
873,Jarrid,Martyn,jmartyno8@businessweek.com,Male,145.19.95.86
874,Valentina,Becerro,vbecerroo9@digg.com,Female,99.0.226.27
875,Gard,Culshew,gculshewoa@dailymail.co.uk,Male,45.72.130.121
876,Bartholemy,Warby,bwarbyob@princeton.edu,Male,151.249.113.206
877,Johann,Sutterby,jsutterbyoc@sphinn.com,Male,65.228.252.159
878,Meir,Ricart,mricartod@squarespace.com,Male,81.96.185.125
879,Farr,Strattan,fstrattanoe@cocolog-nifty.com,Male,82.81.9.139
880,Janessa,Ilbert,jilbertof@xing.com,Female,115.56.237.169
881,Innis,Bigglestone,ibigglestoneog@google.com.hk,Male,46.2.133.1
882,Corena,Crispin,ccrispinoh@aol.com,Female,180.195.149.92
883,Ardyth,Stooke,astookeoi@imageshack.us,Female,87.62.57.115
884,Bryce,Matussow,bmatussowoj@trellian.com,Male,121.40.248.200
885,Redd,Meiningen,rmeiningenok@nhs.uk,Non-binary,194.244.245.33
886,Howie,Adiscot,hadiscotol@merriam-webster.com,Genderqueer,96.110.126.169
887,Ferd,Erdis,ferdisom@wikimedia.org,Male,224.67.122.175
888,Valida,Bernardini,vbernardinion@stumbleupon.com,Female,4.191.169.5
889,Collete,Dayborne,cdayborneoo@businessinsider.com,Female,227.221.83.208
890,Kira,Joannet,kjoannetop@craigslist.org,Genderfluid,191.72.24.118
891,Dore,Ruselin,druselinoq@cbslocal.com,Female,137.239.156.73
892,Lucila,Marusyak,lmarusyakor@virginia.edu,Female,163.161.21.212
893,Isiahi,Coppens,icoppensos@pcworld.com,Male,89.145.90.172
894,Efrem,Toynbee,etoynbeeot@google.ru,Male,159.83.245.110
895,Brett,Larciere,blarciereou@xrea.com,Female,162.215.123.76
896,Bartolomeo,Roome,broomeov@hc360.com,Genderfluid,38.91.169.109
897,Jessey,Copozio,jcopozioow@flickr.com,Male,113.71.73.137
898,Dalton,Vasilik,dvasilikox@lycos.com,Male,157.176.232.44
899,Remington,Milligan,rmilliganoy@yale.edu,Male,121.218.136.115
900,Chryste,Girkin,cgirkinoz@theguardian.com,Non-binary,90.0.60.206
901,Waverley,Becket,wbecketp0@blogtalkradio.com,Male,177.145.162.146
902,Hayden,Rupel,hrupelp1@lycos.com,Male,84.79.86.198
903,Gwynne,Nafzger,gnafzgerp2@google.nl,Female,92.12.236.68
904,Myrle,Chadderton,mchaddertonp3@comcast.net,Female,232.12.17.139
905,Archibald,Swanton,aswantonp4@hostgator.com,Male,215.26.76.111
906,Sibilla,Cruddas,scruddasp5@home.pl,Female,43.13.102.165
907,Barris,Corday,bcordayp6@eepurl.com,Male,113.182.245.231
908,D'arcy,Tousy,dtousyp7@yale.edu,Male,145.190.87.235
909,Zeb,Baccus,zbaccusp8@kickstarter.com,Male,10.47.200.71
910,Aime,Gofforth,agofforthp9@howstuffworks.com,Female,26.37.33.91
911,Jess,Kamall,jkamallpa@amazonaws.com,Male,56.100.235.84
912,Ted,Mortell,tmortellpb@networkadvertising.org,Female,116.56.40.171
913,Dario,Simkins,dsimkinspc@wikia.com,Male,151.48.6.122
914,Hieronymus,Buckleigh,hbuckleighpd@omniture.com,Male,156.169.221.129
915,Isidor,Hucknall,ihucknallpe@moonfruit.com,Male,245.69.120.200
916,Boycey,McSorley,bmcsorleypf@purevolume.com,Genderfluid,124.25.112.250
917,Hayyim,Tofpik,htofpikpg@ibm.com,Male,23.96.126.144
918,Pepe,Whichelow,pwhichelowph@newyorker.com,Male,218.163.71.78
919,Flinn,Schultze,fschultzepi@jimdo.com,Male,159.0.169.252
920,Florence,Malling,fmallingpj@cnn.com,Female,157.149.114.159
921,Gerri,Miranda,gmirandapk@sciencedirect.com,Male,148.152.56.192
922,Meyer,Massot,mmassotpl@slashdot.org,Male,72.112.88.184
923,Jarvis,Clarke-Williams,jclarkewilliamspm@last.fm,Male,108.207.27.18
924,Julie,Herety,jheretypn@tumblr.com,Female,132.209.242.58
925,Catina,Cavanaugh,ccavanaughpo@about.me,Female,225.170.68.159
926,Amitie,McDougle,amcdouglepp@so-net.ne.jp,Female,167.107.161.33
927,Bo,Bucksey,bbuckseypq@lycos.com,Male,254.210.11.59
928,Nichols,Feldbrin,nfeldbrinpr@baidu.com,Male,101.189.78.76
929,Grace,Presley,gpresleyps@blog.com,Female,6.56.69.216
930,Moshe,Barten,mbartenpt@mapquest.com,Male,139.220.74.85
931,Dukie,Burgin,dburginpu@cbc.ca,Male,234.61.55.68
932,Rice,Tomei,rtomeipv@ovh.net,Male,47.78.0.76
933,Aggie,Merle,amerlepw@desdev.cn,Female,152.70.115.214
934,Farlie,Rustidge,frustidgepx@reddit.com,Male,17.229.73.9
935,Jules,Pitherick,jpitherickpy@sitemeter.com,Male,111.76.120.131
936,Lavinia,Fernez,lfernezpz@hatena.ne.jp,Female,198.114.251.59
937,Brigitta,Veltmann,bveltmannq0@walmart.com,Female,172.209.219.83
938,Reeta,Sparkes,rsparkesq1@cam.ac.uk,Female,89.141.255.109
939,Shannen,Mishow,smishowq2@google.pl,Bigender,129.75.80.103
940,Georges,Craft,gcraftq3@marketwatch.com,Male,173.162.134.191
941,Baudoin,Ensor,bensorq4@instagram.com,Male,172.120.232.89
942,Martie,Steger,mstegerq5@oakley.com,Male,252.126.19.248
943,Darsey,Radbone,dradboneq6@opera.com,Agender,215.26.164.239
944,Tracy,Dexter,tdexterq7@toplist.cz,Female,168.34.82.108
945,Susie,Weadick,sweadickq8@hp.com,Female,40.119.23.99
946,Charleen,Amort,camortq9@patch.com,Agender,197.74.170.121
947,Joleen,Boon,jboonqa@cnn.com,Female,193.21.88.218
948,Dolf,Hentzer,dhentzerqb@toplist.cz,Male,153.237.31.137
949,Enrico,Kippen,ekippenqc@un.org,Male,4.255.135.43
950,Kathy,Daymont,kdaymontqd@quantcast.com,Female,64.216.151.239
951,Melinda,Burchill,mburchillqe@arizona.edu,Female,96.27.10.116
952,Kellyann,Harsum,kharsumqf@people.com.cn,Female,108.185.126.0
953,Devlin,Hancorn,dhancornqg@mail.ru,Male,115.13.25.251
954,Troy,Seal,tsealqh@bbb.org,Genderfluid,204.60.95.114
955,Craig,Youles,cyoulesqi@disqus.com,Agender,103.86.207.239
956,Katharina,Bartles,kbartlesqj@gnu.org,Female,54.1.38.75
957,Maria,Brocking,mbrockingqk@deviantart.com,Female,144.184.102.119
958,Ingrid,Cossins,icossinsql@fda.gov,Female,117.133.106.251
959,Selina,Bloggett,sbloggettqm@fema.gov,Female,74.55.85.118
960,Winnah,Mosdall,wmosdallqn@bluehost.com,Female,211.91.19.198
961,Sharona,Fessier,sfessierqo@feedburner.com,Non-binary,155.28.237.23
962,Berenice,Sweetzer,bsweetzerqp@csmonitor.com,Female,43.56.76.219
963,Krisha,Faltin,kfaltinqq@bloomberg.com,Male,0.234.124.56
964,Jocko,Osgerby,josgerbyqr@about.com,Male,58.189.149.5
965,Nathan,Priddle,npriddleqs@newyorker.com,Non-binary,201.213.94.81
966,Mattias,Lidster,mlidsterqt@instagram.com,Male,243.130.246.200
967,Caritta,Cota,ccotaqu@sitemeter.com,Female,10.137.119.250
968,Rollie,Roote,rrooteqv@kickstarter.com,Male,215.82.14.59
969,Ilse,Waiting,iwaitingqw@reference.com,Female,115.197.148.53
970,Pace,Sloy,psloyqx@networksolutions.com,Male,154.63.209.140
971,Harald,Duffitt,hduffittqy@trellian.com,Male,8.244.91.6
972,Gwenneth,Varnam,gvarnamqz@mediafire.com,Genderfluid,128.104.179.158
973,Virginia,Hinrich,vhinrichr0@hubpages.com,Female,105.17.124.190
974,Honor,Angless,hanglessr1@arstechnica.com,Female,39.202.91.85
975,Stavro,Plum,splumr2@vistaprint.com,Male,104.141.89.122
976,Melony,Tedstone,mtedstoner3@amazon.co.jp,Female,83.152.114.140
977,Esmaria,Satchel,esatchelr4@sina.com.cn,Female,89.252.26.137
978,Rich,Giddens,rgiddensr5@weebly.com,Male,26.19.203.65
979,Timmy,Sibbe,tsibber6@instagram.com,Male,130.151.150.88
980,Reena,Tremoulet,rtremouletr7@mayoclinic.com,Female,70.174.150.21
981,Joshia,Penburton,jpenburtonr8@telegraph.co.uk,Bigender,15.7.61.52
982,Mirabelle,Hindrich,mhindrichr9@ustream.tv,Female,36.78.185.47
983,Cello,Ritson,critsonra@diigo.com,Male,217.209.87.247
984,Abraham,Stolle,astollerb@nationalgeographic.com,Male,43.164.192.205
985,Lois,Smitheram,lsmitheramrc@microsoft.com,Female,38.193.37.113
986,Winny,Boncoeur,wboncoeurrd@netscape.com,Female,41.247.105.118
987,Teresina,Kinkade,tkinkadere@samsung.com,Female,127.83.230.38
988,Thurston,Comelli,tcomellirf@scribd.com,Male,49.224.117.32
989,Orv,Fosken,ofoskenrg@studiopress.com,Male,219.181.234.166
990,Raynor,Dart,rdartrh@drupal.org,Male,149.187.32.171
991,Belinda,Eliasen,beliasenri@bloglovin.com,Female,9.71.172.150
992,Annette,Charter,acharterrj@sciencedirect.com,Female,104.53.143.139
993,Kev,Pert,kpertrk@gov.uk,Male,5.169.229.242
994,Jesus,Hunt,jhuntrl@xing.com,Male,150.70.183.155
995,Tailor,Gillman,tgillmanrm@globo.com,Male,55.23.188.239
996,Goldy,Westbrook,gwestbrookrn@ucla.edu,Female,193.135.146.215
997,Bryna,O'Lenechan,bolenechanro@t.co,Female,226.80.48.218
998,Lyda,Bricksey,lbrickseyrp@ehow.com,Female,98.246.2.115
999,Florri,Amoore,famoorerq@wikimedia.org,Agender,186.219.130.159
1000,Dru,Kubu,dkuburr@rediff.com,Male,28.154.108.177
